file	title	creator	license	source
/assets/topics/bollywood/01.jpg	Back-view Bollywood: multiple	Meanest Indian	by	https://www.flickr.com/photos/56252733@N00/290545989
/assets/topics/bollywood/02.jpg	Bollywood posters	Mosseby	by-sa	https://www.flickr.com/photos/14282441@N00/7175350
/assets/topics/bollywood/03.jpg	Back-view Bollywood #36	Meanest Indian	by	https://www.flickr.com/photos/56252733@N00/366748501
/assets/topics/bollywood/04.jpg	Bollywood Dancers	Earls37a	by	https://www.flickr.com/photos/36319610@N04/6612236029
/assets/topics/bollywood/05.jpg	Backview Bollywood: interior	Meanest Indian	by-nd	https://www.flickr.com/photos/56252733@N00/3317067516
/assets/topics/bollywood/06.jpg	Bollywood Actress - Sameera Reddy	sabrebiade	pdm	https://www.flickr.com/photos/45646111@N00/31391382271
/assets/topics/bollywood/07.jpg	Bollywood dance show in Bristol	Skip	by-sa	https://commons.wikimedia.org/w/index.php?curid=3109835
/assets/topics/bollywood/08.jpg	Bollywood	huskyte77	by-nd	https://www.flickr.com/photos/74101223@N00/8473025750
/assets/topics/bollywood/09.jpg	Bollywood Actress in Chinese Advert	preetamrai	by	https://www.flickr.com/photos/51035566865@N01/238094687
/assets/topics/bollywood/10.jpg	Sameksha Singh, Bollywood actress, photoshoot (cropped)	AtticDeveloper77	by-sa	https://commons.wikimedia.org/w/index.php?curid=81711342
/assets/topics/bollywood/11.jpg	Lara Dutta is a Bollywood actress	chocobos	by-sa	https://www.flickr.com/photos/93682235@N00/5777302393
/assets/topics/bollywood/12.jpg	Leslie Tripathy, Bollywood Actress at India Leadership Conclave 2017	Sanaha222	by-sa	https://commons.wikimedia.org/w/index.php?curid=62320407
/assets/topics/bollywood/13.jpg	Bollywood Actress Sonakshi Sinha Latest Photos in Jeans at Smile on Wheels Launch CelebsNext 0002	mr.garrysingh	by-sa	https://www.flickr.com/photos/134984464@N04/20680756661
/assets/topics/bollywood/14.jpg	Bollywood Actress in transparent dress	KetaiBlogger	by	https://commons.wikimedia.org/w/index.php?curid=18690333
/assets/topics/bollywood/15.jpg	Karishma kapoor	hot_bollywood	by-nd	https://www.flickr.com/photos/24970337@N08/4037549416
/assets/topics/bollywood/16.jpg	Indian actress Sameera Reddy	sabrebiade	pdm	https://www.flickr.com/photos/45646111@N00/31362803212
/assets/topics/bollywood/17.jpg	Train exterior, Bollywood filming at private railway	Luxury Train Club	by-sa	https://www.flickr.com/photos/14589121@N00/4330092854
/assets/topics/bollywood/18.jpg	'Trishul' Bollywood Film Soundtrack, HMV 1977.	Abaraphobia	by-sa	https://www.flickr.com/photos/52585175@N07/22487771872
/assets/topics/bollywood/19.jpg	'Ab Kya Hoga' Bollywood Film Soundtrack LP, HMV 1976.	Abaraphobia	by-sa	https://www.flickr.com/photos/52585175@N07/22500964905
/assets/topics/bollywood/20.jpg	'Hotel' Bollywood Film Soundtrack, HMV 1981.	Abaraphobia	by-sa	https://www.flickr.com/photos/52585175@N07/22475009746
/assets/topics/bollywood/21.jpg	'April Fool' Bollywood Film Soundtrack, HMV 1970.	Abaraphobia	by-sa	https://www.flickr.com/photos/52585175@N07/22512294831
/assets/topics/bollywood/22.jpg	Bollywood filming at private railway	Luxury Train Club	by-sa	https://www.flickr.com/photos/14589121@N00/4329363531
/assets/topics/bollywood/23.jpg	'Brahmanchari' Bollywood Film Soundtrack, Odeon 1977.	Abaraphobia	by-sa	https://www.flickr.com/photos/52585175@N07/22313161310
/assets/topics/bollywood/24.jpg	'Junglee' Bollywood Film Soundtrack, Odeon 1970.	Abaraphobia	by-sa	https://www.flickr.com/photos/52585175@N07/22512200111
/assets/topics/bollywood/25.jpg	'Gunjhlaan' Bollywood Film Soundtrack, HMV 1979.	Abaraphobia	by-sa	https://www.flickr.com/photos/52585175@N07/22487740552
/assets/topics/bollywood/26.jpg	'Trishul' Bollywood Film Soundtrack, HMV 1977.	Abaraphobia	by-sa	https://www.flickr.com/photos/52585175@N07/22313256440
/assets/topics/bollywood/27.jpg	'Jewel Thief' Bollywood Film Soundtrack, Odeon 1967.	Abaraphobia	by-sa	https://www.flickr.com/photos/52585175@N07/21879866013
/assets/topics/bollywood/28.jpg	'Ram Balram' Bollywood Film Soundtrack, HMV 1980.	Abaraphobia	by-sa	https://www.flickr.com/photos/52585175@N07/22313080690
/assets/topics/bollywood/29.jpg	Bollywood filming at private railway	Luxury Train Club	by-sa	https://www.flickr.com/photos/14589121@N00/4330096116
/assets/topics/bollywood/30.jpg	Bollywood filming at private railway	Luxury Train Club	by-sa	https://www.flickr.com/photos/14589121@N00/4330099308
/assets/topics/bollywood/31.jpg	Hotel. Bollywood Film Soundtrack, HMV 1981.	Abaraphobia	by-sa	https://www.flickr.com/photos/52585175@N07/21879785923
/assets/topics/bollywood/32.jpg	Station used for Bollywood filming	Luxury Train Club	by-sa	https://www.flickr.com/photos/14589121@N00/4330097236
/assets/topics/bollywood/33.jpg	Bollywood filming at private railway	Luxury Train Club	by-sa	https://www.flickr.com/photos/14589121@N00/4329364151
/assets/topics/bollywood/34.jpg	Bollywood filming at private railway	Luxury Train Club	by-sa	https://www.flickr.com/photos/14589121@N00/4330098902
/assets/topics/bollywood/35.jpg	Station ticket office, Bollywood filming at private railway	Luxury Train Club	by-sa	https://www.flickr.com/photos/14589121@N00/4330096458
/assets/topics/bollywood/36.jpg	Agent Vinod	Helmuts Rudzītis	by-sa	https://www.flickr.com/photos/62866458@N00/4983854565
/assets/topics/bollywood/37.jpg	Agent Vinod	Helmuts Rudzītis	by-sa	https://www.flickr.com/photos/62866458@N00/4984451120
/assets/topics/bollywood/38.jpg	Agent Vinod	Helmuts Rudzītis	by-sa	https://www.flickr.com/photos/62866458@N00/4984451742
/assets/topics/bollywood/39.jpg	Agent Vinod	Helmuts Rudzītis	by-sa	https://www.flickr.com/photos/62866458@N00/4983852999
/assets/topics/bollywood/40.jpg	Agent Vinod	Helmuts Rudzītis	by-sa	https://www.flickr.com/photos/62866458@N00/4984452368
/assets/topics/bollywood/41.jpg	Agent Vinod	Helmuts Rudzītis	by-sa	https://www.flickr.com/photos/62866458@N00/4983852285
/assets/topics/bollywood/42.jpg	Agent Vinod	Helmuts Rudzītis	by-sa	https://www.flickr.com/photos/62866458@N00/4984452904
/assets/topics/bollywood/43.jpg	Agent Vinod	Helmuts Rudzītis	by-sa	https://www.flickr.com/photos/62866458@N00/4984453148
/assets/topics/bollywood/44.jpg	Agent Vinod	Helmuts Rudzītis	by-sa	https://www.flickr.com/photos/62866458@N00/4984450616
/assets/topics/bollywood/45.jpg	Firaaq	flicks.ml	pdm	https://www.flickr.com/photos/142234077@N02/46110217994
/assets/topics/bollywood/46.jpg	Unseen-deepika-padukone-pictures-10	somnathbhagat84	by	https://www.flickr.com/photos/63668058@N03/16193893332
/assets/topics/bollywood/47.jpg	Stage set in from 'Khoon ka Khoon' ('Blood for Blood') 1935 attribution	Mahal Movies	by	https://www.flickr.com/photos/123622359@N06/14224953934
/assets/topics/bollywood/48.jpg	CG Dayal: Close Indian Consulate in New York	devendramakkar	by-sa	https://www.flickr.com/photos/102289073@N02/11892694583
/assets/topics/bollywood/49.jpg	CG Dayal: Close the Indian Consulate in New York	devendramakkar	by-sa	https://www.flickr.com/photos/102289073@N02/11722778366
/assets/topics/bollywood/50.jpg	India - ' Bollywood ' Jaïpur (Rajasthan) Raj Mandir	(vincent desjardins)	by	https://www.flickr.com/photos/44613506@N07/4840236555
/assets/topics/tollywood/01.jpg	RZ Shimokitazawa Tollywood B	Razgrad	by-sa	https://commons.wikimedia.org/w/index.php?curid=74212393
/assets/topics/tollywood/02.jpg	Hollywood in Tollywood - Ramoji Film City Hyderabad India	ShashiBellamkonda	by	https://www.flickr.com/photos/35899785@N00/7499787562
/assets/topics/tollywood/03.jpg	Yuki Saito from 'Anna to Anri no kageokuri' at Simokitazawa Tollywood (2019-03-17)	こんせ	by-sa	https://commons.wikimedia.org/w/index.php?curid=77478780
/assets/topics/tollywood/04.jpg	This Tollywood movie is playing at the Rio, Gaithersburg	ShashiBellamkonda	by	https://www.flickr.com/photos/35899785@N00/8625323158
/assets/topics/tollywood/05.jpg	Hollywood in Tollywood . The Ramoji Film City Hyderabad	ShashiBellamkonda	by	https://www.flickr.com/photos/35899785@N00/19192473820
/assets/topics/tollywood/06.jpg	File:Sunil Telugu Film Actor.jpg	Samratgi	by-sa	https://commons.wikimedia.org/w/index.php?curid=16272165
/assets/topics/tollywood/07.jpg	Picture (735)	P R I T H V I R A J	by-sa	https://www.flickr.com/photos/7254069@N03/4580786867
/assets/topics/tollywood/08.jpg	Picture (757)	P R I T H V I R A J	by-sa	https://www.flickr.com/photos/7254069@N03/4619250565
/assets/topics/tollywood/09.jpg	Now	kkalyan	by-sa	https://www.flickr.com/photos/35581095@N00/3184149164
/assets/topics/tollywood/10.jpg	Picture (437)	P R I T H V I R A J	by-sa	https://www.flickr.com/photos/7254069@N03/3305948289
/assets/topics/tollywood/11.jpg	Uday Kiran	ramkrsna	by	https://www.flickr.com/photos/69042390@N00/3675554026
/assets/topics/tollywood/12.jpg	Leosurious - universe colour	Leosurious	by	https://www.flickr.com/photos/147564043@N07/50168276033
/assets/topics/tollywood/13.jpg	gurpreet singh (3)	Gurpreet Singh / sujal	by	https://www.flickr.com/photos/33515509@N05/6120471508
/assets/topics/tollywood/14.jpg	Sandeep Kishan	Praveen Illa	by-sa	https://commons.wikimedia.org/w/index.php?curid=34545380
/assets/topics/tollywood/15.jpg	Sreekanth Damacharla	damacharlasreekanth	pdm	https://www.flickr.com/photos/130297379@N08/23024318770
/assets/topics/tollywood/16.jpg	Prithviraj Community (3)	P R I T H V I R A J	by-sa	https://www.flickr.com/photos/7254069@N03/3892211798
/assets/topics/tollywood/17.jpg	Tirumala, candles	Arian Zwegers	by	https://www.flickr.com/photos/67769030@N07/6336223363
/assets/topics/tollywood/18.jpg	Tirumala.....	Ashok666	by-sa	https://www.flickr.com/photos/10222491@N06/4402023998
/assets/topics/tollywood/19.jpg	Tirupati, Sri Govindaraja Swamy temple, gopuram	Arian Zwegers	by	https://www.flickr.com/photos/67769030@N07/6337140675
/assets/topics/tollywood/20.jpg	Glass Tortoise	Swami Stream	by	https://www.flickr.com/photos/21063397@N00/462855952
/assets/topics/tollywood/21.jpg	India - Hyderabad - 085 - colourful lanterns remain after HIndu fesitval	mckaysavage	by	https://www.flickr.com/photos/56796376@N00/3920913810
/assets/topics/tollywood/22.jpg	Goddesses	laszlo-photo	by	https://www.flickr.com/photos/40467171@N00/2672698653
/assets/topics/tollywood/23.jpg	India - Hyderabad - 065 - festival procession	mckaysavage	by	https://www.flickr.com/photos/56796376@N00/3920870486
/assets/topics/tollywood/24.jpg	SrikalahastiGaligopuram	రవిచంద్ర	by-sa	https://commons.wikimedia.org/w/index.php?curid=6039120
/assets/topics/tollywood/25.jpg	Bird's Eye View of Visakhapatnam	www.beontheroad.com	by	https://www.flickr.com/photos/10208972@N04/4871190601
/assets/topics/tollywood/26.jpg	La temple de Ganesha (Hampi, Inde)	dalbera	by	https://www.flickr.com/photos/72746018@N00/14229896516
/assets/topics/tollywood/27.jpg	La statue de Ganesha (Hampi, Inde)	dalbera	by	https://www.flickr.com/photos/72746018@N00/14066463787
/assets/topics/tollywood/28.jpg	Walk into Lepakshi	NJ..	by	https://www.flickr.com/photos/10209031@N08/4785425181
/assets/topics/tollywood/29.jpg	File:Tirumala Venkateswara temple entrance 09062015.JPG	Nikhilb239	by-sa	https://commons.wikimedia.org/w/index.php?curid=40963012
/assets/topics/tollywood/30.jpg	Asking for Alms	Debajyoti_Das	by-sa	https://www.flickr.com/photos/64297698@N07/7525929006
/assets/topics/tollywood/31.jpg	Floral diva	Shashank Mhasawade	by	https://www.flickr.com/photos/33011565@N00/9605218726
/assets/topics/tollywood/32.jpg	The Drum - Parai	hoshi7	by-nd	https://www.flickr.com/photos/54852224@N06/5457823177
/assets/topics/tollywood/33.jpg		Shashank Mhasawade	by	https://www.flickr.com/photos/33011565@N00/9605218142
/assets/topics/tollywood/34.jpg		Shashank Mhasawade	by	https://www.flickr.com/photos/33011565@N00/9605218858
/assets/topics/tollywood/35.jpg	Wish you a Happy Ganesh Chaturthi**	Tallapragada	by	https://www.flickr.com/photos/21265865@N03/3846827966
/assets/topics/tollywood/36.jpg	lambadiwomen2	ajjnabeee1	by	https://www.flickr.com/photos/14375854@N03/1473020374
/assets/topics/tollywood/37.jpg	lambadiwomen1	ajjnabeee1	by	https://www.flickr.com/photos/14375854@N03/1472168147
/assets/topics/tollywood/38.jpg	0Q7A8936	Prasanth Photography	by	https://www.flickr.com/photos/97206914@N00/12284551376
/assets/topics/tollywood/39.jpg	0Q7A8338	Prasanth Photography	by	https://www.flickr.com/photos/97206914@N00/12284468604
/assets/topics/tollywood/40.jpg	0Q7A8787	Prasanth Photography	by	https://www.flickr.com/photos/97206914@N00/12284161113
/assets/topics/tollywood/41.jpg	Sivaji Ganesan	Velachery Balu	by	https://www.flickr.com/photos/30028620@N00/195491576
/assets/topics/tollywood/42.jpg	~ in remembrance ~	s@@m	by	https://www.flickr.com/photos/97188200@N00/4133481404
/assets/topics/tollywood/43.jpg	Thasunka Witko (Crazy Horse)	Ruby Lace	by	https://www.flickr.com/photos/38769456@N05/43565306285
/assets/topics/tollywood/44.jpg	Girish Kasaravalli y Pavitra Lokesh	Cines del Sur	by-sa	https://www.flickr.com/photos/27303461@N08/3328586186
/assets/topics/tollywood/45.jpg	Everybody comes to Bollywood, they wanna make it in the neighbourhood 🇮🇳	dullhunk	by	https://www.flickr.com/photos/14829735@N00/52269234258
/assets/topics/tollywood/46.jpg	In nature we never see anything isolated, but everything in connection with something else which is before it, beside it, under it and over it.	legends2k	by	https://www.flickr.com/photos/36674132@N02/5410967229
/assets/topics/tollywood/47.jpg	Ramoji Film City - Mughal Garden / Brindavan	Debajyoti_Das	by-sa	https://www.flickr.com/photos/64297698@N07/7833132222
/assets/topics/tollywood/48.jpg	Trip To Hyderabad	mynameisharsha	by-sa	https://www.flickr.com/photos/27526538@N07/12970628584
/assets/topics/tollywood/49.jpg	Whatsoever ye have spoken in darkness shall be heard in the light; and that which ye have spoken in the ear in closets shall be proclaimed upon the housetops.	legends2k	by	https://www.flickr.com/photos/36674132@N02/3666255718
/assets/topics/tollywood/50.jpg	India - Hyderabad - 001 - Ramoji Film City	mckaysavage	by	https://www.flickr.com/photos/56796376@N00/3920732198
/assets/topics/fashion/01.jpg	Stop Looking! Fashion Runway 2011	henryjose	by	https://www.flickr.com/photos/60797425@N00/5532590030
/assets/topics/fashion/02.jpg	Stop Looking! Fashion Runway 2011	henryjose	by	https://www.flickr.com/photos/60797425@N00/5532602242
/assets/topics/fashion/03.jpg	Stop Looking! Fashion Runway 2011	henryjose	by	https://www.flickr.com/photos/60797425@N00/5532601482
/assets/topics/fashion/04.jpg	Stop Looking! Fashion Runway 2011	henryjose	by	https://www.flickr.com/photos/60797425@N00/5531213103
/assets/topics/fashion/05.jpg	Stop Looking! Fashion Runway 2011	henryjose	by	https://www.flickr.com/photos/60797425@N00/5531993147
/assets/topics/fashion/06.jpg	Stop Looking! Fashion Runway 2011	henryjose	by	https://www.flickr.com/photos/60797425@N00/5531225163
/assets/topics/fashion/07.jpg	Stop Looking! Fashion Runway 2011	henryjose	by	https://www.flickr.com/photos/60797425@N00/5531779046
/assets/topics/fashion/08.jpg	Stop Looking! Fashion Runway 2011	henryjose	by	https://www.flickr.com/photos/60797425@N00/5532573272
/assets/topics/fashion/09.jpg	Stop Looking! Fashion Runway 2011	henryjose	by	https://www.flickr.com/photos/60797425@N00/5531226351
/assets/topics/fashion/10.jpg	Bike Expo Fashion Show	Richard Masoner / Cyclelicious	by-sa	https://www.flickr.com/photos/99247795@N00/4131557505
/assets/topics/fashion/11.jpg	Chanel Iman at Christian Dior Haute Couture Fashion Show	chanelimanphotos	by	https://www.flickr.com/photos/56014926@N08/5388749696
/assets/topics/fashion/12.jpg	GST_1965.jpg	gabrielsaldana	by-sa	https://www.flickr.com/photos/99058473@N00/26387295640
/assets/topics/fashion/13.jpg	Stop Looking! Fashion Runway 2011	henryjose	by	https://www.flickr.com/photos/60797425@N00/5532570910
/assets/topics/fashion/14.jpg	Stop Looking! Fashion Runway 2011	henryjose	by	https://www.flickr.com/photos/60797425@N00/5532031123
/assets/topics/fashion/15.jpg	Stop Looking! Fashion Runway 2011	henryjose	by	https://www.flickr.com/photos/60797425@N00/5531931003
/assets/topics/fashion/16.jpg	Stop Looking! Fashion Runway 2011	henryjose	by	https://www.flickr.com/photos/60797425@N00/5531226959
/assets/topics/fashion/17.jpg	Stop Looking! Fashion Runway 2011	henryjose	by	https://www.flickr.com/photos/60797425@N00/5532545234
/assets/topics/fashion/18.jpg	Stop Looking! Fashion Runway 2011	henryjose	by	https://www.flickr.com/photos/60797425@N00/5531803932
/assets/topics/fashion/19.jpg	Stop Looking! Fashion Runway 2011	henryjose	by	https://www.flickr.com/photos/60797425@N00/5532598890
/assets/topics/fashion/20.jpg	Sarees	mynameisharsha	by-sa	https://www.flickr.com/photos/27526538@N07/2896900603
/assets/topics/fashion/21.jpg	A lady in saree walks through the 'Golden fort'!	2 million+ views. Humbled and thanks!	by	https://www.flickr.com/photos/61732052@N02/34362079653
/assets/topics/fashion/22.jpg	Sinhalese Girl Wearing A Traditional Kandyan Saree (Osaria)-1	Mr Anuradha Ratnaweera (අනුරාධ රත්නවීර මහතා)	by-sa	https://commons.wikimedia.org/w/index.php?curid=19277000
/assets/topics/fashion/23.jpg	My Favourite Saree	Kamala L	by-sa	https://www.flickr.com/photos/50863590@N00/172475029
/assets/topics/fashion/24.jpg	Women bathing in sarees	Melanie-m	by	https://www.flickr.com/photos/84295554@N00/2676104411
/assets/topics/fashion/25.jpg	COTTON SAMBALPURI IKAT SAREE	RubyGoes	by	https://www.flickr.com/photos/61997808@N00/4630977703
/assets/topics/fashion/26.jpg	Saree district of Old Delhi's bazaar	ciamabue	by	https://www.flickr.com/photos/25588248@N00/4571944960
/assets/topics/fashion/27.jpg	Saree	Ariane Middel	by	https://www.flickr.com/photos/10403365@N04/935040974
/assets/topics/fashion/28.jpg	Sare	nid2graff	by-nd	https://www.flickr.com/photos/69299506@N06/18385006498
/assets/topics/fashion/29.jpg	Curvy surasundari in barely-there saree writes love letter	Nagarjun	by	https://www.flickr.com/photos/64924693@N00/6559182205
/assets/topics/fashion/30.jpg	Saree Maker from Gujarat	hartjeff12	by	https://www.flickr.com/photos/90338469@N00/5362377151
/assets/topics/fashion/31.jpg	cassie putting on saree w/ help	4Neus	by	https://www.flickr.com/photos/33022180@N00/1093141267
/assets/topics/fashion/32.jpg	SAMBALPURI IKAT WEAVE SAREE	RubyGoes	by	https://www.flickr.com/photos/61997808@N00/4631022541
/assets/topics/fashion/33.jpg	SAREE CURTAINS	RubyGoes	by	https://www.flickr.com/photos/61997808@N00/6952140767
/assets/topics/fashion/34.jpg	Green brocade silk saree	Sreekumar K. S.	by	https://commons.wikimedia.org/w/index.php?curid=7838824
/assets/topics/fashion/35.jpg	Sambalpuri Saree	Sujit kumar	by-sa	https://commons.wikimedia.org/w/index.php?curid=3674650
/assets/topics/fashion/36.jpg	Golden Wedding Lehenga	metromela	by-sa	https://www.flickr.com/photos/144459366@N03/32719936466
/assets/topics/fashion/37.jpg	CHATTISSGARH LEHENGA	RubyGoes	by	https://www.flickr.com/photos/61997808@N00/5452628961
/assets/topics/fashion/38.jpg	LEHENGA CHOLI	RubyGoes	by	https://www.flickr.com/photos/61997808@N00/5452633925
/assets/topics/fashion/39.jpg	HANDSTITCHED LEHENGA	RubyGoes	by	https://www.flickr.com/photos/61997808@N00/5453282752
/assets/topics/fashion/40.jpg	LEHENGA CHOLI	RubyGoes	by	https://www.flickr.com/photos/61997808@N00/5452676261
/assets/topics/fashion/41.jpg	AJAY-MISHRA-SANJAY-DUTT-MAPS AND DIAGRAMS - THIS CAN EXPLAIN SAREE AND LEHENGA CHOLI ALSO WHEN DOMAIN= MESSAGING AND TERROR AND STUFF	mishra-ajay	by	https://www.flickr.com/photos/80666643@N00/6014132418
/assets/topics/fashion/42.jpg	The Indian Fashion Parade	cheehuey	by	https://www.flickr.com/photos/37555946@N00/10938826505
/assets/topics/fashion/43.jpg	Indian fashions	danoxster	by-sa	https://www.flickr.com/photos/41132143@N00/3071489917
/assets/topics/fashion/44.jpg	indian fashion	Giorgio Montersino	by-sa	https://www.flickr.com/photos/39442289@N00/2425910290
/assets/topics/fashion/45.jpg	Indian Summer - Sept 2011 - See Through Solo	Gareth1953 All Right Now	by	https://www.flickr.com/photos/40837632@N05/7133589721
/assets/topics/fashion/46.jpg	fashion-4	rogamuffin	by-nd	https://www.flickr.com/photos/91242882@N00/4014420389
/assets/topics/fashion/47.jpg	fashion-6	rogamuffin	by-nd	https://www.flickr.com/photos/91242882@N00/4015184562
/assets/topics/fashion/48.jpg	First Self Portrait of the Year	SodanieChea	by	https://www.flickr.com/photos/41942551@N02/8428484794
/assets/topics/fashion/49.jpg	bemused!	2 million+ views. Humbled and thanks!	by	https://www.flickr.com/photos/61732052@N02/11048963983
/assets/topics/fashion/50.jpg	Dressy	SodanieChea	by	https://www.flickr.com/photos/41942551@N02/7216838772
/assets/topics/latest-news/01.jpg	Newsroom	Alan Cleaver	by	https://www.flickr.com/photos/11121568@N06/4398745813
/assets/topics/latest-news/02.jpg	The Financial Times newsroom	Adam Tinworth	by-nd	https://www.flickr.com/photos/44124385392@N01/2888803088
/assets/topics/latest-news/03.jpg	Telegraph newsroom	antony_mayfield	by	https://www.flickr.com/photos/31433424@N00/486348761
/assets/topics/latest-news/04.jpg	Newseum Interactive Newsroom Camera	Mr.TinDC	by-nd	https://www.flickr.com/photos/7471115@N08/3810416462
/assets/topics/latest-news/05.jpg	The Newsroom	Яick Harris	by-sa	https://www.flickr.com/photos/37153080@N00/5874817058
/assets/topics/latest-news/06.jpg	Newsroom	charlesdyer	by-sa	https://www.flickr.com/photos/17809872@N00/2424217246
/assets/topics/latest-news/07.jpg	Newsroom von RIA Novosti in Moskau	Jürg Vollmer	by-sa	https://www.flickr.com/photos/38991455@N08/5640066385
/assets/topics/latest-news/08.jpg	University of Florida Newsroom	hyku	by	https://www.flickr.com/photos/12734746@N00/240473887
/assets/topics/latest-news/09.jpg	From @Mashable @emjbanks talking in a live @CONX webchat on #socialmedia in the newsroom. Cc @Statedept #Projectrevolution	US Embassy New Zealand	pdm	https://www.flickr.com/photos/46907600@N02/7884953238
/assets/topics/latest-news/10.jpg	Newseum Interactive Newsrooms	Mr.TinDC	by-nd	https://www.flickr.com/photos/7471115@N08/3810416472
/assets/topics/latest-news/11.jpg	TIV Newsroom	alfaltendorf	by-sa	https://www.flickr.com/photos/18785498@N00/330730055
/assets/topics/latest-news/12.jpg	Ifra : 6th International Newsroom Summit	luc legay	by-sa	https://www.flickr.com/photos/49503019876@N01/467033645
/assets/topics/latest-news/13.jpg	al jazeera english newsroom	Paul Keller	by	https://www.flickr.com/photos/18259771@N00/5115104666
/assets/topics/latest-news/14.jpg	al jazeera english newsroom	Paul Keller	by	https://www.flickr.com/photos/18259771@N00/5115112762
/assets/topics/latest-news/15.jpg	Toronto Star newsroom	Toronto History	by	https://www.flickr.com/photos/48096488@N03/9620450053
/assets/topics/latest-news/16.jpg	Ifra, 6th International Newsroom Summit	luc legay	by-sa	https://www.flickr.com/photos/49503019876@N01/467076698
/assets/topics/latest-news/17.jpg	Screenshot Social Media Newsroom	zuckerkommunikation	by	https://www.flickr.com/photos/39246700@N02/3794002939
/assets/topics/latest-news/18.jpg	newspaper reading	balusss	by	https://www.flickr.com/photos/56766281@N00/7891484778
/assets/topics/latest-news/19.jpg	Newspaper reading habit	Johnragai-Moment Catcher	by	https://www.flickr.com/photos/40642065@N06/8594104118
/assets/topics/latest-news/20.jpg	365 x22 Newspaper Reading on the Train	David Masters	by	https://www.flickr.com/photos/25652278@N03/3644296709
/assets/topics/latest-news/21.jpg	Stockholm public library / newspaper reading room	library_mistress	by-sa	https://www.flickr.com/photos/33262235@N00/1233570755
/assets/topics/latest-news/22.jpg	Mini-Ed in the newspaper reading room at the State Library of Victoria	mia!	by-sa	https://www.flickr.com/photos/12383598@N00/14397064495
/assets/topics/latest-news/23.jpg	Newspaper-reading protester	ragesoss	by-sa	https://www.flickr.com/photos/34166194@N00/2038449213
/assets/topics/latest-news/24.jpg	newspaper reading	dearanxiety	by-nd	https://www.flickr.com/photos/12245430@N00/3941752252
/assets/topics/latest-news/25.jpg	Lord Street newspaper reading room	Luke McKernan	by-sa	https://www.flickr.com/photos/33718942@N07/51484702422
/assets/topics/latest-news/26.jpg	Newspaper reading room public library	libraryofcongress	cc0	https://www.rawpixel.com/image/6289386/newspaper-reading-room-public-library-omaha-nebraska
/assets/topics/latest-news/27.jpg	Caricature change newspaper reading (from		cc0	https://www.rawpixel.com/image/11625616/image-pencil-drawing-paper-newspaper
/assets/topics/latest-news/28.jpg	Apollo 11 Video Restoration Press Conference / Newseum	NASA Goddard Photo and Video	by	https://www.flickr.com/photos/24662369@N07/3726614525
/assets/topics/latest-news/29.jpg	Cirque du Soleil's TOTEM Press Conference	CarlosPacheco	by	https://www.flickr.com/photos/48678427@N06/4503253718
/assets/topics/latest-news/30.jpg	Facebook Press Conference	Robert Scoble	by	https://www.flickr.com/photos/35034363287@N01/5178769981
/assets/topics/latest-news/31.jpg	Apollo 11 Video Restoration Press Conference / Newseum	NASA Goddard Photo and Video	by	https://www.flickr.com/photos/24662369@N07/3726615267
/assets/topics/latest-news/32.jpg	Apollo 11 Video Restoration Press Conference / Newseum	NASA Goddard Photo and Video	by	https://www.flickr.com/photos/24662369@N07/3726614425
/assets/topics/latest-news/33.jpg	Apollo 11 Video Restoration Press Conference / Newseum	NASA Goddard Space Flight Center	by	https://www.flickr.com/photos/35278629@N08/6549945113
/assets/topics/latest-news/34.jpg	Apollo 11 Video Restoration Press Conference / Newseum	NASA Goddard Space Flight Center	by	https://www.flickr.com/photos/35278629@N08/6549944273
/assets/topics/latest-news/35.jpg	Apollo 11 Video Restoration Press Conference / Newseum	NASA Goddard Space Flight Center	by	https://www.flickr.com/photos/35278629@N08/6549941513
/assets/topics/latest-news/36.jpg	Facebook Press Conference	Robert Scoble	by	https://www.flickr.com/photos/35034363287@N01/5179377698
/assets/topics/latest-news/37.jpg	Dlshad Othman at Internet Freedom Fellows Press Conference at UN	US Mission Geneva	by-nd	https://www.flickr.com/photos/41916075@N06/7408708520
/assets/topics/latest-news/38.jpg	Internet Freedom Fellows Press Conference at UN	US Mission Geneva	by-nd	https://www.flickr.com/photos/41916075@N06/7408713960
/assets/topics/latest-news/39.jpg	Internet Freedom Fellows Press Conference at UN	US Mission Geneva	by-nd	https://www.flickr.com/photos/41916075@N06/7408709174
/assets/topics/latest-news/40.jpg	Ambassador Eileen Chamberlain Donahoe at Internet Freedom Fellows Press Conference at UN	US Mission Geneva	by-nd	https://www.flickr.com/photos/41916075@N06/7408710420
/assets/topics/latest-news/41.jpg	Facebook Press Conference	Robert Scoble	by	https://www.flickr.com/photos/35034363287@N01/5178768721
/assets/topics/latest-news/42.jpg	Marley Press Conference	alexpolotsky	by	https://www.flickr.com/photos/51839688@N00/528366625
/assets/topics/latest-news/43.jpg	Apollo 11 Video Restoration Press Conference / Newseum	NASA Goddard Photo and Video	by	https://www.flickr.com/photos/24662369@N07/3727418146
/assets/topics/latest-news/44.jpg	Apollo 11 Video Restoration Press Conference / Newseum	NASA Goddard Space Flight Center	by	https://www.flickr.com/photos/35278629@N08/6549986481
/assets/topics/latest-news/45.jpg	Apollo 11 Video Restoration Press Conference / Newseum	NASA Goddard Photo and Video	by	https://www.flickr.com/photos/24662369@N07/3726614645
/assets/topics/latest-news/46.jpg	Press conference in Lefkosia	freegazaorg	by-nd	https://www.flickr.com/photos/29205195@N02/2735258417
/assets/topics/latest-news/47.jpg	Apollo 11 Video Restoration Press Conference / Newseum	NASA Goddard Photo and Video	by	https://www.flickr.com/photos/24662369@N07/3726613993
/assets/topics/latest-news/48.jpg	Museum Tower with the Downtown Dallas Financial District to its left and a portion of the explosive growth in highrise construction in Downtown's Uptown District to its right; Woodall Rodgers has become the 21st century 'Main Street' of Downtown Dallas	skys the limit2	by	https://www.flickr.com/photos/52949402@N03/4908983993
/assets/topics/latest-news/49.jpg	Denver Nightscape	dagpeak	by	https://www.flickr.com/photos/72926532@N00/13436939
/assets/topics/latest-news/50.jpg	Atlanta Night Skyline Wallpaper	james.rintamaki	by-sa	https://www.flickr.com/photos/16434424@N05/2049159278
/assets/topics/wildlife/01.jpg	Tiger-INDIA-Maya	Sbj1976	by-sa	https://commons.wikimedia.org/w/index.php?curid=37505416
/assets/topics/wildlife/02.jpg	Bengal Tiger India	Brian Gratwicke	by	https://commons.wikimedia.org/w/index.php?curid=8643152
/assets/topics/wildlife/03.jpg	Tiger india	Roantree	by-sa	https://commons.wikimedia.org/w/index.php?curid=30344727
/assets/topics/wildlife/04.jpg	Tiger India Captain Allan Scott	thegetty	cc0	https://www.rawpixel.com/image/14315860/the-tiger-india-captain-allan-scott
/assets/topics/wildlife/05.jpg	White Tiger, India	Ayush Baheti	by-sa	https://commons.wikimedia.org/w/index.php?curid=49726845
/assets/topics/wildlife/06.jpg	Tiger, India	Ayush Baheti	by-sa	https://commons.wikimedia.org/w/index.php?curid=49726846
/assets/topics/wildlife/07.jpg	White Tiger India	Mayuri Lokhande	by-sa	https://commons.wikimedia.org/w/index.php?curid=59889413
/assets/topics/wildlife/08.jpg	White tiger india 01	Nikhilmore nimo	cc0	https://commons.wikimedia.org/w/index.php?curid=148904717
/assets/topics/wildlife/09.jpg	Bengal Tiger / Tigre de Bengala (Panthera Tigris)	Esparta	by	https://www.flickr.com/photos/66208256@N00/2214658212
/assets/topics/wildlife/10.jpg	Blue Eyed Tiger	Christopher Kray Visuals	by	https://www.flickr.com/photos/85208536@N02/14740680525
/assets/topics/wildlife/11.jpg	The threat ...	Claudio Gennari ...'Cogli l'attimo ferma il tempo'	by	https://www.flickr.com/photos/27391161@N07/3187479048
/assets/topics/wildlife/12.jpg	Tiger attak...	Claudio Gennari ...'Cogli l'attimo ferma il tempo'	by	https://www.flickr.com/photos/27391161@N07/3186012706
/assets/topics/wildlife/13.jpg	Tongue ...	Claudio Gennari ...'Cogli l'attimo ferma il tempo'	by	https://www.flickr.com/photos/27391161@N07/3168394346
/assets/topics/wildlife/14.jpg	My forest dream is still a dream...	VinothChandar	by	https://www.flickr.com/photos/44345361@N06/7696925948
/assets/topics/wildlife/15.jpg	Plain Tiger	Ajith (അജിത്ത്)	by-nd	https://www.flickr.com/photos/49211121@N00/4183637612
/assets/topics/wildlife/16.jpg	Tiger in the wild Rathambore	amanderson2	by	https://www.flickr.com/photos/49399018@N00/2414510587
/assets/topics/wildlife/17.jpg	Jaipur, Jal Mahal	Arian Zwegers	by	https://www.flickr.com/photos/67769030@N07/9713805222
/assets/topics/wildlife/18.jpg	ONTARIO-00561 - Asian Elephant	archer10 (Dennis)	by-sa	https://www.flickr.com/photos/22490717@N02/14820347476
/assets/topics/wildlife/19.jpg	Tuskless bull Asian Elephant in Huai Kha Khaeng wildlife sanctuary	tontantravel	by-sa	https://www.flickr.com/photos/56881855@N06/15942505646
/assets/topics/wildlife/20.jpg	Bull Asian Elephant	Rennett Stowe	by	https://www.flickr.com/photos/10393601@N08/3275283814
/assets/topics/wildlife/21.jpg	Asian elephant eye	CazzJj	cc0	https://www.flickr.com/photos/64249609@N08/15716407078
/assets/topics/wildlife/22.jpg	Asian elephant	Marie Hale	by	https://www.flickr.com/photos/15016964@N02/5895401696
/assets/topics/wildlife/23.jpg	Asian Elephant	wwarby	by	https://www.flickr.com/photos/26782864@N00/2310958992
/assets/topics/wildlife/24.jpg	Asian Elephant (Elephas maximus)	Kumaravel	by	https://www.flickr.com/photos/49694447@N00/8537009784
/assets/topics/wildlife/25.jpg	Asian Elephant in Khao Yai	tontantravel	by-sa	https://www.flickr.com/photos/56881855@N06/8361494156
/assets/topics/wildlife/26.jpg	Asian Elephant	daryl_mitchell	by-sa	https://www.flickr.com/photos/49169223@N00/171060215
/assets/topics/wildlife/27.jpg	Asian Elephant	wwarby	by	https://www.flickr.com/photos/26782864@N00/2310964224
/assets/topics/wildlife/28.jpg	Asian Elephant	andrusdevelopment	by	https://www.flickr.com/photos/9020344@N02/3865569500
/assets/topics/wildlife/29.jpg	Asian Elephant, Elephas maximus, mother and calf in Kui Buri national park	tontantravel	by-sa	https://www.flickr.com/photos/56881855@N06/20853454891
/assets/topics/wildlife/30.jpg	Elephas maximus, (wild) Asian elephant - Huai Kha Khaeng	Rushen!	by-sa	https://www.flickr.com/photos/87521289@N07/20497002282
/assets/topics/wildlife/31.jpg	GOC Woburn 085: Asian Elephant (Elephas maximus), Woburn Safari Park	Peter O'Connor aka anemoneprojectors	by-sa	https://www.flickr.com/photos/58414938@N00/22835244489
/assets/topics/wildlife/32.jpg	Wild Asian Elephant birds perspective in Khao Yai national park	tontantravel	by-sa	https://www.flickr.com/photos/56881855@N06/16057611645
/assets/topics/wildlife/33.jpg	Asian Elephant - female	warriorwoman531	by-nd	https://www.flickr.com/photos/59429971@N06/6128593713
/assets/topics/wildlife/34.jpg	Asian Elephants	quinet	by-sa	https://www.flickr.com/photos/91994044@N00/4831485787
/assets/topics/wildlife/35.jpg	Asian Elephants, Elephas maximus in Khao Yai national park	tontantravel	by-sa	https://www.flickr.com/photos/56881855@N06/25421949020
/assets/topics/wildlife/36.jpg	Snow Leopard	Sideshow_Matt	by	https://www.flickr.com/photos/61027726@N06/5558338829
/assets/topics/wildlife/37.jpg	Leopard	Mitchell Fitzsimmons	by	https://www.flickr.com/photos/78959201@N07/10829578893
/assets/topics/wildlife/38.jpg	SNOW LEOPARD	NAPARAZZI	by-sa	https://www.flickr.com/photos/28990363@N05/6414256439
/assets/topics/wildlife/39.jpg	Leopard Mating Dance	jurvetson	by	https://www.flickr.com/photos/44124348109@N01/5913330010
/assets/topics/wildlife/40.jpg	Walking leopard	Tambako the Jaguar	by-nd	https://www.flickr.com/photos/8070463@N03/4937878071
/assets/topics/wildlife/41.jpg	Nice leopard portrait	Tambako the Jaguar	by-nd	https://www.flickr.com/photos/8070463@N03/5300464860
/assets/topics/wildlife/42.jpg	Leopard with tongue out!	Tambako the Jaguar	by-nd	https://www.flickr.com/photos/8070463@N03/7054398183
/assets/topics/wildlife/43.jpg	Calm and beautiful Amur leopard	Tambako the Jaguar	by-nd	https://www.flickr.com/photos/8070463@N03/6284844361
/assets/topics/wildlife/44.jpg	Leopard with open mouth	Tambako the Jaguar	by-nd	https://www.flickr.com/photos/8070463@N03/11171925826
/assets/topics/wildlife/45.jpg	Relaxed leopard	Tambako the Jaguar	by-nd	https://www.flickr.com/photos/8070463@N03/4552325782
/assets/topics/wildlife/46.jpg	Replace the Leopard's login screen background!!	FHKE	by-sa	https://www.flickr.com/photos/16226024@N00/1783114316
/assets/topics/wildlife/47.jpg	Leopard Resting on Branch	blieusong	by-sa	https://www.flickr.com/photos/75729488@N03/7233839982
/assets/topics/wildlife/48.jpg	Leopard with open mouth looking at the side	Tambako the Jaguar	by-nd	https://www.flickr.com/photos/8070463@N03/11092619376
/assets/topics/wildlife/49.jpg	Leopard in the grass again	Tambako the Jaguar	by-nd	https://www.flickr.com/photos/8070463@N03/11305230196
/assets/topics/wildlife/50.jpg	Walking snow leopard...	Tambako the Jaguar	by-nd	https://www.flickr.com/photos/8070463@N03/10973013104
/assets/topics/travel/01.jpg	Kerala backwaters	ruffin_ready	by	https://www.flickr.com/photos/51668926@N00/4825318208
/assets/topics/travel/02.jpg	Kerala Backwaters	www.davidbaxendale.com	by-nd	https://www.flickr.com/photos/68881523@N07/16264776117
/assets/topics/travel/03.jpg	Kollam - Kerala Backwaters	Kumaravel	by	https://www.flickr.com/photos/49694447@N00/6761405201
/assets/topics/travel/04.jpg	Kerala Backwaters	www.davidbaxendale.com	by-nd	https://www.flickr.com/photos/68881523@N07/16563591575
/assets/topics/travel/05.jpg	Kerala Backwaters	www.davidbaxendale.com	by-nd	https://www.flickr.com/photos/68881523@N07/31758046948
/assets/topics/travel/06.jpg	Kerala backwaters scene	ruffin_ready	by	https://www.flickr.com/photos/51668926@N00/6271762740
/assets/topics/travel/07.jpg	Kerala backwaters	ruffin_ready	by	https://www.flickr.com/photos/51668926@N00/4825309686
/assets/topics/travel/08.jpg	Kerala Backwaters View	utpal.	by	https://www.flickr.com/photos/9643247@N08/1666796643
/assets/topics/travel/09.jpg	shore on the Kerala backwaters	ruffin_ready	by	https://www.flickr.com/photos/51668926@N00/6099994610
/assets/topics/travel/10.jpg	fishing net on the Kerala backwaters	ruffin_ready	by	https://www.flickr.com/photos/51668926@N00/6275186598
/assets/topics/travel/11.jpg	Kerala backwaters scene	ruffin_ready	by	https://www.flickr.com/photos/51668926@N00/6275188438
/assets/topics/travel/12.jpg	Kerala backwaters	ruffin_ready	by	https://www.flickr.com/photos/51668926@N00/6099441103
/assets/topics/travel/13.jpg	Kerala backwaters runners	ruffin_ready	by	https://www.flickr.com/photos/51668926@N00/4836109839
/assets/topics/travel/14.jpg	houseboat on the Kerala backwaters	ruffin_ready	by	https://www.flickr.com/photos/51668926@N00/6275185088
/assets/topics/travel/15.jpg	Journey	NJ..	by	https://www.flickr.com/photos/10209031@N08/4795879604
/assets/topics/travel/16.jpg	Life Is A Journey	Easa Shamih (iZZo) | P.h.o.t.o.g.r.a.p.h.y	by	https://www.flickr.com/photos/29695407@N00/6410983107
/assets/topics/travel/17.jpg	Intersecting lines/lives	The Wandering Angel	by	https://www.flickr.com/photos/86518301@N00/2721319061
/assets/topics/travel/18.jpg	whats in the papers today...	vishwaant	by	https://www.flickr.com/photos/20598313@N00/4860297681
/assets/topics/travel/19.jpg	Trains III	jynxzero	by-sa	https://www.flickr.com/photos/14930870@N08/2273325008
/assets/topics/travel/20.jpg	Mr.Curious	vishwaant	by	https://www.flickr.com/photos/20598313@N00/4793494555
/assets/topics/travel/21.jpg	Trivandrum train	ruffin_ready	by	https://www.flickr.com/photos/51668926@N00/4837936250
/assets/topics/travel/22.jpg	things that follow...	vishwaant	by	https://www.flickr.com/photos/20598313@N00/4860917720
/assets/topics/travel/23.jpg	Train	jackol	by	https://www.flickr.com/photos/44124329962@N01/19081567
/assets/topics/travel/24.jpg	Upper India Express	Smeet Chowdhury	by	https://www.flickr.com/photos/50628848@N07/7080920345
/assets/topics/travel/25.jpg	Journey	Roshan Travel Photography	by-sa	https://www.flickr.com/photos/75379814@N07/9306676446
/assets/topics/travel/26.jpg	Road to the other side	Abhishek Shirali	by	https://www.flickr.com/photos/61871520@N03/9553595419
/assets/topics/travel/27.jpg	Down the beaten track	Abhishek Shirali	by	https://www.flickr.com/photos/61871520@N03/9553609141
/assets/topics/travel/28.jpg	Pakistani athletes practice their soccer skills before their U.S. trip	U.S. Embassy Pakistan	by-nd	https://www.flickr.com/photos/54908604@N08/7970520834
/assets/topics/travel/29.jpg	The Saraighat Bridge over the Brahmaputra	C|-|ANDRA	by	https://www.flickr.com/photos/18456139@N00/962394820
/assets/topics/travel/30.jpg	Destination to Bhutan-Flying over Himalaya Mountains	ustung	by	https://www.flickr.com/photos/126397594@N03/17006959317
/assets/topics/travel/31.jpg	Himalayas Mountain Flight	wonker	by	https://www.flickr.com/photos/94056408@N00/2384211475
/assets/topics/travel/32.jpg	Snow-capped peaks and ridges of the eastern Himalaya Mountains. Original from NASA. Digitally enhanced by rawpixel.	Free Public Domain Illustrations by rawpixel	by	https://www.flickr.com/photos/153584064@N07/29025861568
/assets/topics/travel/33.jpg	Himalaya Mountain range, Asia	Mudkipz_KGM	by	https://www.flickr.com/photos/53744334@N03/4977060434
/assets/topics/travel/34.jpg	Himalaya Mountains	Hyougushi	by-sa	https://www.flickr.com/photos/71481771@N00/49972125
/assets/topics/travel/35.jpg	Himalayas Mountain Range & Mahalangur Himal, Nepal - Tibet (China)	Paul Quast	by	https://www.flickr.com/photos/148318224@N03/34954655592
/assets/topics/travel/36.jpg	View of the Himalaya Mountain Range in the India-Nepal-Tibet border area. Original from NASA. Digitally enhanced by rawpixel.	Free Public Domain Illustrations by rawpixel	by	https://www.flickr.com/photos/153584064@N07/32492674998
/assets/topics/travel/37.jpg	Himalaya Mountains	SdosRemedios	by-nd	https://www.flickr.com/photos/88827093@N00/33575498162
/assets/topics/travel/38.jpg	Trekking in the beautiful Himalayas #Nepal #Himalayas #mountains #trek #hiking #climbing #travel #explore #adventure #volunteer #volunteerabroad #frontiergap #frontiervolunteer	Frontierofficial	by	https://www.flickr.com/photos/44634455@N08/16667138998
/assets/topics/travel/39.jpg	Image taken from page 180 of 'A Journey to the Tea Countries of China ... With a short notice of the East India Company's tea planatations in the Himalaya Mountains'	mechanicalcurator	by	https://www.flickr.com/photos/106138792@N02/10433163355
/assets/topics/travel/40.jpg	Himalaya mountains	himanshu.clickpix	by	https://www.flickr.com/photos/111470844@N05/43830917290
/assets/topics/travel/41.jpg	아직은 청춘이던 시절... 2009년 네팔 여행의 기록... #Travel #Memories #2009 #Annapurna #Nepal 그리고 못다한 이야기... 하늘에서 만난 히말라야 #Himalayas #Mountains #Sky #Clouds #Landscape #View #Air	IchStyle	by	https://www.flickr.com/photos/66172503@N00/19004307032
/assets/topics/travel/42.jpg	아직은 청춘이던 시절... 2009년 네팔 여행의 기록... #Travel #Memories #2009 #Annapurna #Nepal 그리고 못다한 이야기... 하늘에서 만난 히말라야 #Himalayas #Mountains #Sky #Clouds #Landscape #View #Air	IchStyle	by	https://www.flickr.com/photos/66172503@N00/18822229598
/assets/topics/travel/43.jpg	아직은 청춘이던 시절... 2009년 네팔 여행의 기록... #Travel #Memories #2009 #Annapurna #Nepal 그리고 못다한 이야기... 하늘에서 만난 히말라야 #Himalayas #Mountains #Sky #Clouds #Landscape #View #Air	IchStyle	by	https://www.flickr.com/photos/66172503@N00/19013069681
/assets/topics/travel/44.jpg	아직은 청춘이던 시절... 2009년 네팔 여행의 기록... #Travel #Memories #2009 #Annapurna #Nepal 그리고 못다한 이야기... 하늘에서 만난 히말라야 #Himalayas #Mountains #Sky #Clouds #Landscape #View #Air	IchStyle	by	https://www.flickr.com/photos/66172503@N00/18389366843
/assets/topics/travel/45.jpg	Image taken from page 165 of 'A Journey to the Tea Countries of China ... With a short notice of the East India Company's tea planatations in the Himalaya Mountains'	mechanicalcurator	by	https://www.flickr.com/photos/106138792@N02/10432798156
/assets/topics/travel/46.jpg	Taj Mahal	ftclausen	by-sa	https://www.flickr.com/photos/12643500@N07/3051273106
/assets/topics/travel/47.jpg	Taj Mahal	Paul and Jill	by	https://www.flickr.com/photos/39136124@N00/2154749801
/assets/topics/travel/48.jpg	Taj Mahal	Paul and Jill	by	https://www.flickr.com/photos/39136124@N00/2155545598
/assets/topics/travel/49.jpg	Taj Mahal	TausP.	by-nd	https://www.flickr.com/photos/52219029@N04/6829860670
/assets/topics/travel/50.jpg	Taj Mahal from the lawn	Rameshng	by-sa	https://www.flickr.com/photos/39107352@N08/3954851233
/assets/topics/bollywood/051.jpg	Butter Chicken, Lamb Rogan Josh, Saag Paneer - Bollywood 2 Go, QV Food Court Medium Thali AUD8.90	avlxyz	by-sa	https://www.flickr.com/photos/10559879@N00/2554594775
/assets/topics/bollywood/052.jpg	bollywood romance	Mario A. P.	by-sa	https://www.flickr.com/photos/99058495@N00/36801014933
/assets/topics/bollywood/053.jpg	Bollywood star Shah Rukh Khan at TED2017	jurvetson	by	https://www.flickr.com/photos/44124348109@N01/33874088843
/assets/topics/bollywood/054.jpg	Bollywood Set	erin & camera	by	https://www.flickr.com/photos/74852128@N00/3141145287
/assets/topics/bollywood/055.jpg	Bollywood Green Screen	jurvetson	by	https://www.flickr.com/photos/44124348109@N01/5440295152
